{
  "app": "./mvnw -e -q compile exec:java",
  "watch": {
    "include": [
      "**"
    ],
    "exclude": [
      "README.md",
      "cdk*.json",
      "target",
      "pom.xml",
      "src/test"
    ]
  },
  "context": {
    "@aws-cdk/aws-apigateway:usagePlanKeyOrderInsensitiveId": true,
    "aws-cdk:enableDiffNoFail": true,
    "@aws-cdk/core:stackRelativeExports": true,
    "@aws-cdk/aws-ecr-assets:dockerIgnoreSupport": true,
    "@aws-cdk/aws-kms:defaultKeyPolicies": true,
    "@aws-cdk/aws-s3:grantWriteWithoutAcl": true,
    "@aws-cdk/aws-ecs-patterns:removeDefaultDesiredCount": true,
    "@aws-cdk/aws-rds:lowercaseDbIdentifier": true,
    "@aws-cdk/aws-efs:defaultEncryptionAtRest": true,
    "@aws-cdk/aws-lambda:recognizeVersionProps": true,
    "@aws-cdk/aws-cloudfront:defaultSecurityPolicyTLSv1.2_2021": true
  }
}
