[
  {
    "name": "com.amazonaws.services.lambda.runtime.events.APIGatewayProxyRequestEvent",
    "allDeclaredFields": true,
    "allDeclaredMethods": true,
    "allDeclaredConstructors": true
  },
  {
    "name": "com.amazonaws.services.lambda.runtime.events.APIGatewayProxyRequestEvent$ProxyRequestContext",
    "allDeclaredFields": true,
    "allDeclaredMethods": true,
    "allDeclaredConstructors": true
  },
  {
    "name": "com.amazonaws.services.lambda.runtime.events.APIGatewayProxyRequestEvent$RequestIdentity",
    "allDeclaredFields": true,
    "allDeclaredMethods": true,
    "allDeclaredConstructors": true
  },
  {
    "name": "com.amazonaws.services.lambda.runtime.events.APIGatewayProxyResponseEvent",
    "allDeclaredFields": true,
    "allDeclaredMethods": true,
    "allDeclaredConstructors": true
  },
  {
    "name": "com.amazonaws.services.lambda.runtime.events.APIGatewayProxyResponseEvent",
    "allDeclaredConstructors": true,
    "allPublicConstructors": true,
    "allDeclaredMethods": true,
    "allPublicMethods": true,
    "allDeclaredClasses": true,
    "allPublicClasses": true
  }
]